Time,VILLA_LIVING::Des Heat Load [W],VILLA_LIVING:MANAMA SUMMER DESIGN DAY:Des Sens Cool Load [W],VILLA_LIVING::Des Heat Mass Flow [kg/s],VILLA_LIVING:MANAMA SUMMER DESIGN DAY:Des Cool Mass Flow [kg/s],VILLA_LIVING::Des Latent Heat Load [W],VILLA_LIVING::Des Latent Cool Load [W],VILLA_LIVING::Des Latent Heat Mass Flow [kg/s],VILLA_LIVING::Des Latent Cool Mass Flow [kg/s],VILLA_LIVING::Des Heat Load No DOAS [W],VILLA_LIVING::Des Sens Cool Load No DOAS [W],VILLA_LIVING::Des Latent Heat Load No DOAS [W],VILLA_LIVING::Des Latent Cool Load No DOAS [W],VILLA_LIVING::Heating Zone Temperature [C],VILLA_LIVING::Heating Zone Relative Humidity [%],VILLA_LIVING:MANAMA SUMMER DESIGN DAY:Cooling Zone Temperature [C],VILLA_LIVING:MANAMA SUMMER DESIGN DAY:Cooling Zone Relative Humidity [%]
00:10:00,0.000000E+00,7.038185E+03,0.000000E+00,6.269027E-01,0.000000E+00,0.000000E+00,0.000000E+00,0.000000E+00,0.000000E+00,0.000000E+00,0.000000E+00,0.000000E+00,0.000000E+00,0.000000E+00,2.399987E+01,4.602795E+01
00:20:00,0.000000E+00,6.934513E+03,0.000000E+00,6.176684E-01,0.000000E+00,0.000000E+00,0.000000E+00,0.000000E+00,0.000000E+00,0.000000E+00,0.000000E+00,0.000000E+00,0.000000E+00,0.000000E+00,2.399987E+01,4.603206E+01
00:30:00,0.000000E+00,6.829489E+03,0.000000E+00,6.083138E-01,0.000000E+00,0.000000E+00,0.000000E+00,0.000000E+00,0.000000E+00,0.000000E+00,0.000000E+00,0.000000E+00,0.000000E+00,0.000000E+00,2.399987E+01,4.603717E+01
00:40:00,0.000000E+00,6.723111E+03,0.000000E+00,5.988384E-01,0.000000E+00,0.000000E+00,0.000000E+00,0.000000E+00,0.000000E+00,0.000000E+00,0.000000E+00,0.000000E+00,0.000000E+00,0.000000E+00,2.399987E+01,4.604199E+01
00:50:00,0.000000E+00,6.615395E+03,0.000000E+00,5.892440E-01,0.000000E+00,0.000000E+00,0.000000E+00,0.000000E+00,0.000000E+00,0.000000E+00,0.000000E+00,0.000000E+00,0.000000E+00,0.000000E+00,2.399987E+01,4.604608E+01
01:00:00,0.000000E+00,6.506384E+03,0.000000E+00,5.795342E-01,0.000000E+00,0.000000E+00,0.000000E+00,0.000000E+00,0.000000E+00,0.000000E+00,0.000000E+00,0.000000E+00,0.000000E+00,0.000000E+00,2.399987E+01,4.604949E+01
01:10:00,0.000000E+00,6.458537E+03,0.000000E+00,5.752724E-01,0.000000E+00,0.000000E+00,0.000000E+00,0.000000E+00,0.000000E+00,0.000000E+00,0.000000E+00,0.000000E+00,0.000000E+00,0.000000E+00,2.399987E+01,4.605243E+01
01:20:00,0.000000E+00,6.414658E+03,0.000000E+00,5.713641E-01,0.000000E+00,0.000000E+00,0.000000E+00,0.000000E+00,0.000000E+00,0.000000E+00,0.000000E+00,0.000000E+00,0.000000E+00,0.000000E+00,2.399987E+01,4.605507E+01
01:30:00,0.000000E+00,6.371713E+03,0.000000E+00,5.675389E-01,0.000000E+00,0.000000E+00,0.000000E+00,0.000000E+00,0.000000E+00,0.000000E+00,0.000000E+00,0.000000E+00,0.000000E+00,0.000000E+00,2.399987E+01,4.605752E+01
01:40:00,0.000000E+00,6.329533E+03,0.000000E+00,5.637819E-01,0.000000E+00,0.000000E+00,0.000000E+00,0.000000E+00,0.000000E+00,0.000000E+00,0.000000E+00,0.000000E+00,0.000000E+00,0.000000E+00,2.399987E+01,4.605983E+01
01:50:00,0.000000E+00,6.288010E+03,0.000000E+00,5.600834E-01,0.000000E+00,0.000000E+00,0.000000E+00,0.000000E+00,0.000000E+00,0.000000E+00,0.000000E+00,0.000000E+00,0.000000E+00,0.000000E+00,2.399987E+01,4.606204E+01
02:00:00,0.000000E+00,6.247070E+03,0.000000E+00,5.564369E-01,0.000000E+00,0.000000E+00,0.000000E+00,0.000000E+00,0.000000E+00,0.000000E+00,0.000000E+00,0.000000E+00,0.000000E+00,0.000000E+00,2.399987E+01,4.606418E+01
02:10:00,0.000000E+00,6.206577E+03,0.000000E+00,5.528301E-01,0.000000E+00,0.000000E+00,0.000000E+00,0.000000E+00,0.000000E+00,0.000000E+00,0.000000E+00,0.000000E+00,0.000000E+00,0.000000E+00,2.399987E+01,4.606628E+01
02:20:00,0.000000E+00,6.166486E+03,0.000000E+00,5.492592E-01,0.000000E+00,0.000000E+00,0.000000E+00,0.000000E+00,0.000000E+00,0.000000E+00,0.000000E+00,0.000000E+00,0.000000E+00,0.000000E+00,2.399987E+01,4.606834E+01
02:30:00,0.000000E+00,6.126757E+03,0.000000E+00,5.457204E-01,0.000000E+00,0.000000E+00,0.000000E+00,0.000000E+00,0.000000E+00,0.000000E+00,0.000000E+00,0.000000E+00,0.000000E+00,0.000000E+00,2.399987E+01,4.607038E+01
02:40:00,0.000000E+00,6.087356E+03,0.000000E+00,5.422109E-01,0.000000E+00,0.000000E+00,0.000000E+00,0.000000E+00,0.000000E+00,0.000000E+00,0.000000E+00,0.000000E+00,0.000000E+00,0.000000E+00,2.399987E+01,4.607240E+01
02:50:00,0.000000E+00,6.048256E+03,0.000000E+00,5.387282E-01,0.000000E+00,0.000000E+00,0.000000E+00,0.000000E+00,0.000000E+00,0.000000E+00,0.000000E+00,0.000000E+00,0.000000E+00,0.000000E+00,2.399987E+01,4.607441E+01
03:00:00,0.000000E+00,6.009434E+03,0.000000E+00,5.352703E-01,0.000000E+00,0.000000E+00,0.000000E+00,0.000000E+00,0.000000E+00,0.000000E+00,0.000000E+00,0.000000E+00,0.000000E+00,0.000000E+00,2.399987E+01,4.607643E+01
03:10:00,0.000000E+00,5.970796E+03,0.000000E+00,5.318288E-01,0.000000E+00,0.000000E+00,0.000000E+00,0.000000E+00,0.000000E+00,0.000000E+00,0.000000E+00,0.000000E+00,0.000000E+00,0.000000E+00,2.399987E+01,4.607845E+01
03:20:00,0.000000E+00,5.932333E+03,0.000000E+00,5.284028E-01,0.000000E+00,0.000000E+00,0.000000E+00,0.000000E+00,0.000000E+00,0.000000E+00,0.000000E+00,0.000000E+00,0.000000E+00,0.000000E+00,2.399987E+01,4.608048E+01
03:30:00,0.000000E+00,5.894033E+03,0.000000E+00,5.249913E-01,0.000000E+00,0.000000E+00,0.000000E+00,0.000000E+00,0.000000E+00,0.000000E+00,0.000000E+00,0.000000E+00,0.000000E+00,0.000000E+00,2.399987E+01,4.608252E+01
03:40:00,0.000000E+00,5.855887E+03,0.000000E+00,5.215936E-01,0.000000E+00,0.000000E+00,0.000000E+00,0.000000E+00,0.000000E+00,0.000000E+00,0.000000E+00,0.000000E+00,0.000000E+00,0.000000E+00,2.399987E+01,4.608457E+01
03:50:00,0.000000E+00,5.817887E+03,0.000000E+00,5.182089E-01,0.000000E+00,0.000000E+00,0.000000E+00,0.000000E+00,0.000000E+00,0.000000E+00,0.000000E+00,0.000000E+00,0.000000E+00,0.000000E+00,2.399987E+01,4.608663E+01
04:00:00,0.000000E+00,5.780029E+03,0.000000E+00,5.148368E-01,0.000000E+00,0.000000E+00,0.000000E+00,0.000000E+00,0.000000E+00,0.000000E+00,0.000000E+00,0.000000E+00,0.000000E+00,0.000000E+00,2.399987E+01,4.608871E+01
04:10:00,0.000000E+00,5.742387E+03,0.000000E+00,5.114839E-01,0.000000E+00,0.000000E+00,0.000000E+00,0.000000E+00,0.000000E+00,0.000000E+00,0.000000E+00,0.000000E+00,0.000000E+00,0.000000E+00,2.399987E+01,4.609081E+01
04:20:00,0.000000E+00,5.704954E+03,0.000000E+00,5.081498E-01,0.000000E+00,0.000000E+00,0.000000E+00,0.000000E+00,0.000000E+00,0.000000E+00,0.000000E+00,0.000000E+00,0.000000E+00,0.000000E+00,2.399987E+01,4.609292E+01
04:30:00,0.000000E+00,5.667733E+03,0.000000E+00,5.048345E-01,0.000000E+00,0.000000E+00,0.000000E+00,0.000000E+00,0.000000E+00,0.000000E+00,0.000000E+00,0.000000E+00,0.000000E+00,0.000000E+00,2.399987E+01,4.609504E+01
04:40:00,0.000000E+00,5.630727E+03,0.000000E+00,5.015382E-01,0.000000E+00,0.000000E+00,0.000000E+00,0.000000E+00,0.000000E+00,0.000000E+00,0.000000E+00,0.000000E+00,0.000000E+00,0.000000E+00,2.399987E+01,4.609718E+01
04:50:00,0.000000E+00,5.593938E+03,0.000000E+00,4.982614E-01,0.000000E+00,0.000000E+00,0.000000E+00,0.000000E+00,0.000000E+00,0.000000E+00,0.000000E+00,0.000000E+00,0.000000E+00,0.000000E+00,2.399987E+01,4.609933E+01
05:00:00,0.000000E+00,5.557371E+03,0.000000E+00,4.950043E-01,0.000000E+00,0.000000E+00,0.000000E+00,0.000000E+00,0.000000E+00,0.000000E+00,0.000000E+00,0.000000E+00,0.000000E+00,0.000000E+00,2.399987E+01,4.610150E+01
05:10:00,0.000000E+00,5.521717E+03,0.000000E+00,4.918286E-01,0.000000E+00,0.000000E+00,0.000000E+00,0.000000E+00,0.000000E+00,0.000000E+00,0.000000E+00,0.000000E+00,0.000000E+00,0.000000E+00,2.399987E+01,4.610369E+01
05:20:00,0.000000E+00,5.499119E+03,0.000000E+00,4.898157E-01,0.000000E+00,0.000000E+00,0.000000E+00,0.000000E+00,0.000000E+00,0.000000E+00,0.000000E+00,0.000000E+00,0.000000E+00,0.000000E+00,2.399987E+01,4.610585E+01
05:30:00,0.000000E+00,5.504852E+03,0.000000E+00,4.903264E-01,0.000000E+00,0.000000E+00,0.000000E+00,0.000000E+00,0.000000E+00,0.000000E+00,0.000000E+00,0.000000E+00,0.000000E+00,0.000000E+00,2.399986E+01,4.610738E+01
05:40:00,0.000000E+00,5.544598E+03,0.000000E+00,4.938667E-01,0.000000E+00,0.000000E+00,0.000000E+00,0.000000E+00,0.000000E+00,0.000000E+00,0.000000E+00,0.000000E+00,0.000000E+00,0.000000E+00,2.399986E+01,4.610726E+01
05:50:00,0.000000E+00,5.614877E+03,0.000000E+00,5.001266E-01,0.000000E+00,0.000000E+00,0.000000E+00,0.000000E+00,0.000000E+00,0.000000E+00,0.000000E+00,0.000000E+00,0.000000E+00,0.000000E+00,2.399986E+01,4.610497E+01
06:00:00,0.000000E+00,5.712360E+03,0.000000E+00,5.088097E-01,0.000000E+00,0.000000E+00,0.000000E+00,0.000000E+00,0.000000E+00,0.000000E+00,0.000000E+00,0.000000E+00,0.000000E+00,0.000000E+00,2.399985E+01,4.610087E+01
06:10:00,0.000000E+00,5.889185E+03,0.000000E+00,5.245599E-01,0.000000E+00,0.000000E+00,0.000000E+00,0.000000E+00,0.000000E+00,0.000000E+00,0.000000E+00,0.000000E+00,0.000000E+00,0.000000E+00,2.399985E+01,4.609570E+01
06:20:00,0.000000E+00,6.076436E+03,0.000000E+00,5.412388E-01,0.000000E+00,0.000000E+00,0.000000E+00,0.000000E+00,0.000000E+00,0.000000E+00,0.000000E+00,0.000000E+00,0.000000E+00,0.000000E+00,2.399984E+01,4.608755E+01
06:30:00,0.000000E+00,6.255906E+03,0.000000E+00,5.572247E-01,0.000000E+00,0.000000E+00,0.000000E+00,0.000000E+00,0.000000E+00,0.000000E+00,0.000000E+00,0.000000E+00,0.000000E+00,0.000000E+00,2.399985E+01,4.607841E+01
06:40:00,0.000000E+00,6.419945E+03,0.000000E+00,5.718360E-01,0.000000E+00,0.000000E+00,0.000000E+00,0.000000E+00,0.000000E+00,0.000000E+00,0.000000E+00,0.000000E+00,0.000000E+00,0.000000E+00,2.399985E+01,4.606998E+01
06:50:00,0.000000E+00,6.570218E+03,0.000000E+00,5.852211E-01,0.000000E+00,0.000000E+00,0.000000E+00,0.000000E+00,0.000000E+00,0.000000E+00,0.000000E+00,0.000000E+00,0.000000E+00,0.000000E+00,2.399985E+01,4.606288E+01
07:00:00,0.000000E+00,6.708450E+03,0.000000E+00,5.975338E-01,0.000000E+00,0.000000E+00,0.000000E+00,0.000000E+00,0.000000E+00,0.000000E+00,0.000000E+00,0.000000E+00,0.000000E+00,0.000000E+00,2.399985E+01,4.605705E+01
07:10:00,0.000000E+00,6.768145E+03,0.000000E+00,6.028509E-01,0.000000E+00,0.000000E+00,0.000000E+00,0.000000E+00,0.000000E+00,0.000000E+00,0.000000E+00,0.000000E+00,0.000000E+00,0.000000E+00,2.399985E+01,4.605226E+01
07:20:00,0.000000E+00,6.815326E+03,0.000000E+00,6.070532E-01,0.000000E+00,0.000000E+00,0.000000E+00,0.000000E+00,0.000000E+00,0.000000E+00,0.000000E+00,0.000000E+00,0.000000E+00,0.000000E+00,2.399986E+01,4.604876E+01
07:30:00,0.000000E+00,6.852433E+03,0.000000E+00,6.103583E-01,0.000000E+00,0.000000E+00,0.000000E+00,0.000000E+00,0.000000E+00,0.000000E+00,0.000000E+00,0.000000E+00,0.000000E+00,0.000000E+00,2.399986E+01,4.604617E+01
07:40:00,0.000000E+00,6.880706E+03,0.000000E+00,6.128765E-01,0.000000E+00,0.000000E+00,0.000000E+00,0.000000E+00,0.000000E+00,0.000000E+00,0.000000E+00,0.000000E+00,0.000000E+00,0.000000E+00,2.399986E+01,4.604411E+01
07:50:00,0.000000E+00,6.900894E+03,0.000000E+00,6.146746E-01,0.000000E+00,0.000000E+00,0.000000E+00,0.000000E+00,0.000000E+00,0.000000E+00,0.000000E+00,0.000000E+00,0.000000E+00,0.000000E+00,2.399986E+01,4.604238E+01
08:00:00,0.000000E+00,6.913520E+03,0.000000E+00,6.157992E-01,0.000000E+00,0.000000E+00,0.000000E+00,0.000000E+00,0.000000E+00,0.000000E+00,0.000000E+00,0.000000E+00,0.000000E+00,0.000000E+00,2.399986E+01,4.604092E+01
08:10:00,0.000000E+00,6.931300E+03,0.000000E+00,6.173828E-01,0.000000E+00,0.000000E+00,0.000000E+00,0.000000E+00,0.000000E+00,0.000000E+00,0.000000E+00,0.000000E+00,0.000000E+00,0.000000E+00,2.399986E+01,4.603973E+01
08:20:00,0.000000E+00,6.944012E+03,0.000000E+00,6.185151E-01,0.000000E+00,0.000000E+00,0.000000E+00,0.000000E+00,0.000000E+00,0.000000E+00,0.000000E+00,0.000000E+00,0.000000E+00,0.000000E+00,2.399986E+01,4.603881E+01
08:30:00,0.000000E+00,6.951218E+03,0.000000E+00,6.191568E-01,0.000000E+00,0.000000E+00,0.000000E+00,0.000000E+00,0.000000E+00,0.000000E+00,0.000000E+00,0.000000E+00,0.000000E+00,0.000000E+00,2.399986E+01,4.603814E+01
08:40:00,0.000000E+00,6.952790E+03,0.000000E+00,6.192969E-01,0.000000E+00,0.000000E+00,0.000000E+00,0.000000E+00,0.000000E+00,0.000000E+00,0.000000E+00,0.000000E+00,0.000000E+00,0.000000E+00,2.399986E+01,4.603773E+01
08:50:00,0.000000E+00,6.947502E+03,0.000000E+00,6.188258E-01,0.000000E+00,0.000000E+00,0.000000E+00,0.000000E+00,0.000000E+00,0.000000E+00,0.000000E+00,0.000000E+00,0.000000E+00,0.000000E+00,2.399986E+01,4.603754E+01
09:00:00,0.000000E+00,6.936710E+03,0.000000E+00,6.178645E-01,0.000000E+00,0.000000E+00,0.000000E+00,0.000000E+00,0.000000E+00,0.000000E+00,0.000000E+00,0.000000E+00,0.000000E+00,0.000000E+00,2.399986E+01,4.603764E+01
09:10:00,0.000000E+00,6.957814E+03,0.000000E+00,6.197443E-01,0.000000E+00,0.000000E+00,0.000000E+00,0.000000E+00,0.000000E+00,0.000000E+00,0.000000E+00,0.000000E+00,0.000000E+00,0.000000E+00,2.399986E+01,4.603799E+01
09:20:00,0.000000E+00,6.975152E+03,0.000000E+00,6.212886E-01,0.000000E+00,0.000000E+00,0.000000E+00,0.000000E+00,0.000000E+00,0.000000E+00,0.000000E+00,0.000000E+00,0.000000E+00,0.000000E+00,2.399986E+01,4.603713E+01
09:30:00,0.000000E+00,6.988436E+03,0.000000E+00,6.224719E-01,0.000000E+00,0.000000E+00,0.000000E+00,0.000000E+00,0.000000E+00,0.000000E+00,0.000000E+00,0.000000E+00,0.000000E+00,0.000000E+00,2.399986E+01,4.603587E+01
09:40:00,0.000000E+00,6.997865E+03,0.000000E+00,6.233117E-01,0.000000E+00,0.000000E+00,0.000000E+00,0.000000E+00,0.000000E+00,0.000000E+00,0.000000E+00,0.000000E+00,0.000000E+00,0.000000E+00,2.399986E+01,4.603499E+01
09:50:00,0.000000E+00,7.004995E+03,0.000000E+00,6.239468E-01,0.000000E+00,0.000000E+00,0.000000E+00,0.000000E+00,0.000000E+00,0.000000E+00,0.000000E+00,0.000000E+00,0.000000E+00,0.000000E+00,2.399986E+01,4.603473E+01
10:00:00,0.000000E+00,7.009010E+03,0.000000E+00,6.243044E-01,0.000000E+00,0.000000E+00,0.000000E+00,0.000000E+00,0.000000E+00,0.000000E+00,0.000000E+00,0.000000E+00,0.000000E+00,0.000000E+00,2.399986E+01,4.603504E+01
10:10:00,0.000000E+00,6.972725E+03,0.000000E+00,6.210724E-01,0.000000E+00,0.000000E+00,0.000000E+00,0.000000E+00,0.000000E+00,0.000000E+00,0.000000E+00,0.000000E+00,0.000000E+00,0.000000E+00,2.399986E+01,4.603578E+01
10:20:00,0.000000E+00,6.932321E+03,0.000000E+00,6.174735E-01,0.000000E+00,0.000000E+00,0.000000E+00,0.000000E+00,0.000000E+00,0.000000E+00,0.000000E+00,0.000000E+00,0.000000E+00,0.000000E+00,2.399986E+01,4.603682E+01
10:30:00,0.000000E+00,6.888669E+03,0.000000E+00,6.135853E-01,0.000000E+00,0.000000E+00,0.000000E+00,0.000000E+00,0.000000E+00,0.000000E+00,0.000000E+00,0.000000E+00,0.000000E+00,0.000000E+00,2.399987E+01,4.603812E+01
10:40:00,0.000000E+00,6.842269E+03,0.000000E+00,6.094523E-01,0.000000E+00,0.000000E+00,0.000000E+00,0.000000E+00,0.000000E+00,0.000000E+00,0.000000E+00,0.000000E+00,0.000000E+00,0.000000E+00,2.399987E+01,4.603963E+01
10:50:00,0.000000E+00,6.793941E+03,0.000000E+00,6.051477E-01,0.000000E+00,0.000000E+00,0.000000E+00,0.000000E+00,0.000000E+00,0.000000E+00,0.000000E+00,0.000000E+00,0.000000E+00,0.000000E+00,2.399987E+01,4.604130E+01
11:00:00,0.000000E+00,6.744582E+03,0.000000E+00,6.007512E-01,0.000000E+00,0.000000E+00,0.000000E+00,0.000000E+00,0.000000E+00,0.000000E+00,0.000000E+00,0.000000E+00,0.000000E+00,0.000000E+00,2.399987E+01,4.604311E+01
11:10:00,0.000000E+00,6.695213E+03,0.000000E+00,5.963538E-01,0.000000E+00,0.000000E+00,0.000000E+00,0.000000E+00,0.000000E+00,0.000000E+00,0.000000E+00,0.000000E+00,0.000000E+00,0.000000E+00,2.399987E+01,4.604500E+01
11:20:00,0.000000E+00,6.647375E+03,0.000000E+00,5.920928E-01,0.000000E+00,0.000000E+00,0.000000E+00,0.000000E+00,0.000000E+00,0.000000E+00,0.000000E+00,0.000000E+00,0.000000E+00,0.000000E+00,2.399987E+01,4.604692E+01
11:30:00,0.000000E+00,6.603027E+03,0.000000E+00,5.881426E-01,0.000000E+00,0.000000E+00,0.000000E+00,0.000000E+00,0.000000E+00,0.000000E+00,0.000000E+00,0.000000E+00,0.000000E+00,0.000000E+00,2.399987E+01,4.604883E+01
11:40:00,0.000000E+00,6.564532E+03,0.000000E+00,5.847138E-01,0.000000E+00,0.000000E+00,0.000000E+00,0.000000E+00,0.000000E+00,0.000000E+00,0.000000E+00,0.000000E+00,0.000000E+00,0.000000E+00,2.399987E+01,4.605063E+01
11:50:00,0.000000E+00,6.534459E+03,0.000000E+00,5.820351E-01,0.000000E+00,0.000000E+00,0.000000E+00,0.000000E+00,0.000000E+00,0.000000E+00,0.000000E+00,0.000000E+00,0.000000E+00,0.000000E+00,2.399986E+01,4.605221E+01
12:00:00,0.000000E+00,6.513442E+03,0.000000E+00,5.801632E-01,0.000000E+00,0.000000E+00,0.000000E+00,0.000000E+00,0.000000E+00,0.000000E+00,0.000000E+00,0.000000E+00,0.000000E+00,0.000000E+00,2.399986E+01,4.605345E+01
12:10:00,0.000000E+00,6.501379E+03,0.000000E+00,5.790887E-01,0.000000E+00,0.000000E+00,0.000000E+00,0.000000E+00,0.000000E+00,0.000000E+00,0.000000E+00,0.000000E+00,0.000000E+00,0.000000E+00,2.399986E+01,4.605431E+01
12:20:00,0.000000E+00,6.497484E+03,0.000000E+00,5.787418E-01,0.000000E+00,0.000000E+00,0.000000E+00,0.000000E+00,0.000000E+00,0.000000E+00,0.000000E+00,0.000000E+00,0.000000E+00,0.000000E+00,2.399986E+01,4.605484E+01
12:30:00,0.000000E+00,6.500376E+03,0.000000E+00,5.789994E-01,0.000000E+00,0.000000E+00,0.000000E+00,0.000000E+00,0.000000E+00,0.000000E+00,0.000000E+00,0.000000E+00,0.000000E+00,0.000000E+00,2.399986E+01,4.605510E+01
12:40:00,0.000000E+00,6.508032E+03,0.000000E+00,5.796814E-01,0.000000E+00,0.000000E+00,0.000000E+00,0.000000E+00,0.000000E+00,0.000000E+00,0.000000E+00,0.000000E+00,0.000000E+00,0.000000E+00,2.399986E+01,4.605515E+01
12:50:00,0.000000E+00,6.517964E+03,0.000000E+00,5.805660E-01,0.000000E+00,0.000000E+00,0.000000E+00,0.000000E+00,0.000000E+00,0.000000E+00,0.000000E+00,0.000000E+00,0.000000E+00,0.000000E+00,2.399986E+01,4.605504E+01
13:00:00,0.000000E+00,6.529325E+03,0.000000E+00,5.815780E-01,0.000000E+00,0.000000E+00,0.000000E+00,0.000000E+00,0.000000E+00,0.000000E+00,0.000000E+00,0.000000E+00,0.000000E+00,0.000000E+00,2.399986E+01,4.605480E+01
13:10:00,0.000000E+00,6.541748E+03,0.000000E+00,5.826845E-01,0.000000E+00,0.000000E+00,0.000000E+00,0.000000E+00,0.000000E+00,0.000000E+00,0.000000E+00,0.000000E+00,0.000000E+00,0.000000E+00,2.399986E+01,4.605445E+01
13:20:00,0.000000E+00,6.555078E+03,0.000000E+00,5.838719E-01,0.000000E+00,0.000000E+00,0.000000E+00,0.000000E+00,0.000000E+00,0.000000E+00,0.000000E+00,0.000000E+00,0.000000E+00,0.000000E+00,2.399986E+01,4.605402E+01
13:30:00,0.000000E+00,6.569216E+03,0.000000E+00,5.851313E-01,0.000000E+00,0.000000E+00,0.000000E+00,0.000000E+00,0.000000E+00,0.000000E+00,0.000000E+00,0.000000E+00,0.000000E+00,0.000000E+00,2.399986E+01,4.605353E+01
13:40:00,0.000000E+00,6.584107E+03,0.000000E+00,5.864576E-01,0.000000E+00,0.000000E+00,0.000000E+00,0.000000E+00,0.000000E+00,0.000000E+00,0.000000E+00,0.000000E+00,0.000000E+00,0.000000E+00,2.399986E+01,4.605299E+01
13:50:00,0.000000E+00,6.599726E+03,0.000000E+00,5.878488E-01,0.000000E+00,0.000000E+00,0.000000E+00,0.000000E+00,0.000000E+00,0.000000E+00,0.000000E+00,0.000000E+00,0.000000E+00,0.000000E+00,2.399986E+01,4.605240E+01
14:00:00,0.000000E+00,6.616082E+03,0.000000E+00,5.893056E-01,0.000000E+00,0.000000E+00,0.000000E+00,0.000000E+00,0.000000E+00,0.000000E+00,0.000000E+00,0.000000E+00,0.000000E+00,0.000000E+00,2.399986E+01,4.605176E+01
14:10:00,0.000000E+00,6.633052E+03,0.000000E+00,5.908172E-01,0.000000E+00,0.000000E+00,0.000000E+00,0.000000E+00,0.000000E+00,0.000000E+00,0.000000E+00,0.000000E+00,0.000000E+00,0.000000E+00,2.399986E+01,4.605107E+01
14:20:00,0.000000E+00,6.650690E+03,0.000000E+00,5.923882E-01,0.000000E+00,0.000000E+00,0.000000E+00,0.000000E+00,0.000000E+00,0.000000E+00,0.000000E+00,0.000000E+00,0.000000E+00,0.000000E+00,2.399986E+01,4.605036E+01
14:30:00,0.000000E+00,6.669116E+03,0.000000E+00,5.940295E-01,0.000000E+00,0.000000E+00,0.000000E+00,0.000000E+00,0.000000E+00,0.000000E+00,0.000000E+00,0.000000E+00,0.000000E+00,0.000000E+00,2.399986E+01,4.604962E+01
14:40:00,0.000000E+00,6.688343E+03,0.000000E+00,5.957421E-01,0.000000E+00,0.000000E+00,0.000000E+00,0.000000E+00,0.000000E+00,0.000000E+00,0.000000E+00,0.000000E+00,0.000000E+00,0.000000E+00,2.399986E+01,4.604885E+01
14:50:00,0.000000E+00,6.707142E+03,0.000000E+00,5.974165E-01,0.000000E+00,0.000000E+00,0.000000E+00,0.000000E+00,0.000000E+00,0.000000E+00,0.000000E+00,0.000000E+00,0.000000E+00,0.000000E+00,2.399986E+01,4.604804E+01
15:00:00,0.000000E+00,6.726259E+03,0.000000E+00,5.991193E-01,0.000000E+00,0.000000E+00,0.000000E+00,0.000000E+00,0.000000E+00,0.000000E+00,0.000000E+00,0.000000E+00,0.000000E+00,0.000000E+00,2.399986E+01,4.604724E+01
15:10:00,0.000000E+00,6.745561E+03,0.000000E+00,6.008386E-01,0.000000E+00,0.000000E+00,0.000000E+00,0.000000E+00,0.000000E+00,0.000000E+00,0.000000E+00,0.000000E+00,0.000000E+00,0.000000E+00,2.399986E+01,4.604645E+01
15:20:00,0.000000E+00,6.764868E+03,0.000000E+00,6.025583E-01,0.000000E+00,0.000000E+00,0.000000E+00,0.000000E+00,0.000000E+00,0.000000E+00,0.000000E+00,0.000000E+00,0.000000E+00,0.000000E+00,2.399986E+01,4.604565E+01
15:30:00,0.000000E+00,6.783889E+03,0.000000E+00,6.042526E-01,0.000000E+00,0.000000E+00,0.000000E+00,0.000000E+00,0.000000E+00,0.000000E+00,0.000000E+00,0.000000E+00,0.000000E+00,0.000000E+00,2.399986E+01,4.604486E+01
15:40:00,0.000000E+00,6.802415E+03,0.000000E+00,6.059027E-01,0.000000E+00,0.000000E+00,0.000000E+00,0.000000E+00,0.000000E+00,0.000000E+00,0.000000E+00,0.000000E+00,0.000000E+00,0.000000E+00,2.399986E+01,4.604406E+01
15:50:00,0.000000E+00,6.821444E+03,0.000000E+00,6.075976E-01,0.000000E+00,0.000000E+00,0.000000E+00,0.000000E+00,0.000000E+00,0.000000E+00,0.000000E+00,0.000000E+00,0.000000E+00,0.000000E+00,2.399986E+01,4.604328E+01
16:00:00,0.000000E+00,6.838629E+03,0.000000E+00,6.091283E-01,0.000000E+00,0.000000E+00,0.000000E+00,0.000000E+00,0.000000E+00,0.000000E+00,0.000000E+00,0.000000E+00,0.000000E+00,0.000000E+00,2.399986E+01,4.604250E+01
16:10:00,0.000000E+00,6.855086E+03,0.000000E+00,6.105942E-01,0.000000E+00,0.000000E+00,0.000000E+00,0.000000E+00,0.000000E+00,0.000000E+00,0.000000E+00,0.000000E+00,0.000000E+00,0.000000E+00,2.399986E+01,4.604178E+01
16:20:00,0.000000E+00,6.870829E+03,0.000000E+00,6.119964E-01,0.000000E+00,0.000000E+00,0.000000E+00,0.000000E+00,0.000000E+00,0.000000E+00,0.000000E+00,0.000000E+00,0.000000E+00,0.000000E+00,2.399986E+01,4.604113E+01
16:30:00,0.000000E+00,6.885726E+03,0.000000E+00,6.133233E-01,0.000000E+00,0.000000E+00,0.000000E+00,0.000000E+00,0.000000E+00,0.000000E+00,0.000000E+00,0.000000E+00,0.000000E+00,0.000000E+00,2.399986E+01,4.604050E+01
16:40:00,0.000000E+00,6.899634E+03,0.000000E+00,6.145621E-01,0.000000E+00,0.000000E+00,0.000000E+00,0.000000E+00,0.000000E+00,0.000000E+00,0.000000E+00,0.000000E+00,0.000000E+00,0.000000E+00,2.399986E+01,4.603988E+01
16:50:00,0.000000E+00,6.912392E+03,0.000000E+00,6.156985E-01,0.000000E+00,0.000000E+00,0.000000E+00,0.000000E+00,0.000000E+00,0.000000E+00,0.000000E+00,0.000000E+00,0.000000E+00,0.000000E+00,2.399986E+01,4.603930E+01
17:00:00,0.000000E+00,6.925154E+03,0.000000E+00,6.168353E-01,0.000000E+00,0.000000E+00,0.000000E+00,0.000000E+00,0.000000E+00,0.000000E+00,0.000000E+00,0.000000E+00,0.000000E+00,0.000000E+00,2.399986E+01,4.603874E+01
17:10:00,0.000000E+00,6.936719E+03,0.000000E+00,6.178653E-01,0.000000E+00,0.000000E+00,0.000000E+00,0.000000E+00,0.000000E+00,0.000000E+00,0.000000E+00,0.000000E+00,0.000000E+00,0.000000E+00,2.399986E+01,4.603822E+01
17:20:00,0.000000E+00,6.946616E+03,0.000000E+00,6.187469E-01,0.000000E+00,0.000000E+00,0.000000E+00,0.000000E+00,0.000000E+00,0.000000E+00,0.000000E+00,0.000000E+00,0.000000E+00,0.000000E+00,2.399986E+01,4.603776E+01
17:30:00,0.000000E+00,6.954536E+03,0.000000E+00,6.194523E-01,0.000000E+00,0.000000E+00,0.000000E+00,0.000000E+00,0.000000E+00,0.000000E+00,0.000000E+00,0.000000E+00,0.000000E+00,0.000000E+00,2.399986E+01,4.603737E+01
17:40:00,0.000000E+00,6.960185E+03,0.000000E+00,6.199555E-01,0.000000E+00,0.000000E+00,0.000000E+00,0.000000E+00,0.000000E+00,0.000000E+00,0.000000E+00,0.000000E+00,0.000000E+00,0.000000E+00,2.399986E+01,4.603705E+01
17:50:00,0.000000E+00,6.962687E+03,0.000000E+00,6.201783E-01,0.000000E+00,0.000000E+00,0.000000E+00,0.000000E+00,0.000000E+00,0.000000E+00,0.000000E+00,0.000000E+00,0.000000E+00,0.000000E+00,2.399986E+01,4.603682E+01
18:00:00,0.000000E+00,6.962399E+03,0.000000E+00,6.201526E-01,0.000000E+00,0.000000E+00,0.000000E+00,0.000000E+00,0.000000E+00,0.000000E+00,0.000000E+00,0.000000E+00,0.000000E+00,0.000000E+00,2.399986E+01,4.603671E+01
18:10:00,0.000000E+00,7.004705E+03,0.000000E+00,6.239209E-01,0.000000E+00,0.000000E+00,0.000000E+00,0.000000E+00,0.000000E+00,0.000000E+00,0.000000E+00,0.000000E+00,0.000000E+00,0.000000E+00,2.399986E+01,4.603672E+01
18:20:00,0.000000E+00,7.061556E+03,0.000000E+00,6.289848E-01,0.000000E+00,0.000000E+00,0.000000E+00,0.000000E+00,0.000000E+00,0.000000E+00,0.000000E+00,0.000000E+00,0.000000E+00,0.000000E+00,2.399986E+01,4.603512E+01
18:30:00,0.000000E+00,7.125086E+03,0.000000E+00,6.346435E-01,0.000000E+00,0.000000E+00,0.000000E+00,0.000000E+00,0.000000E+00,0.000000E+00,0.000000E+00,0.000000E+00,0.000000E+00,0.000000E+00,2.399986E+01,4.603232E+01
18:40:00,0.000000E+00,7.195299E+03,0.000000E+00,6.408976E-01,0.000000E+00,0.000000E+00,0.000000E+00,0.000000E+00,0.000000E+00,0.000000E+00,0.000000E+00,0.000000E+00,0.000000E+00,0.000000E+00,2.399986E+01,4.602935E+01
18:50:00,0.000000E+00,7.272769E+03,0.000000E+00,6.477980E-01,0.000000E+00,0.000000E+00,0.000000E+00,0.000000E+00,0.000000E+00,0.000000E+00,0.000000E+00,0.000000E+00,0.000000E+00,0.000000E+00,2.399986E+01,4.602673E+01
19:00:00,0.000000E+00,7.356947E+03,0.000000E+00,6.552959E-01,0.000000E+00,0.000000E+00,0.000000E+00,0.000000E+00,0.000000E+00,0.000000E+00,0.000000E+00,0.000000E+00,0.000000E+00,0.000000E+00,2.399986E+01,4.602456E+01
19:10:00,0.000000E+00,7.402632E+03,0.000000E+00,6.593652E-01,0.000000E+00,0.000000E+00,0.000000E+00,0.000000E+00,0.000000E+00,0.000000E+00,0.000000E+00,0.000000E+00,0.000000E+00,0.000000E+00,2.399986E+01,4.602273E+01
19:20:00,0.000000E+00,7.438004E+03,0.000000E+00,6.625158E-01,0.000000E+00,0.000000E+00,0.000000E+00,0.000000E+00,0.000000E+00,0.000000E+00,0.000000E+00,0.000000E+00,0.000000E+00,0.000000E+00,2.399986E+01,4.602114E+01
19:30:00,0.000000E+00,7.470887E+03,0.000000E+00,6.654447E-01,0.000000E+00,0.000000E+00,0.000000E+00,0.000000E+00,0.000000E+00,0.000000E+00,0.000000E+00,0.000000E+00,0.000000E+00,0.000000E+00,2.399986E+01,4.601973E+01
19:40:00,0.000000E+00,7.501441E+03,0.000000E+00,6.681661E-01,0.000000E+00,0.000000E+00,0.000000E+00,0.000000E+00,0.000000E+00,0.000000E+00,0.000000E+00,0.000000E+00,0.000000E+00,0.000000E+00,2.399986E+01,4.601845E+01
19:50:00,0.000000E+00,7.529699E+03,0.000000E+00,6.706832E-01,0.000000E+00,0.000000E+00,0.000000E+00,0.000000E+00,0.000000E+00,0.000000E+00,0.000000E+00,0.000000E+00,0.000000E+00,0.000000E+00,2.399986E+01,4.601729E+01
20:00:00,0.000000E+00,7.555819E+03,0.000000E+00,6.730097E-01,0.000000E+00,0.000000E+00,0.000000E+00,0.000000E+00,0.000000E+00,0.000000E+00,0.000000E+00,0.000000E+00,0.000000E+00,0.000000E+00,2.399986E+01,4.601625E+01
20:10:00,0.000000E+00,7.579729E+03,0.000000E+00,6.751394E-01,0.000000E+00,0.000000E+00,0.000000E+00,0.000000E+00,0.000000E+00,0.000000E+00,0.000000E+00,0.000000E+00,0.000000E+00,0.000000E+00,2.399986E+01,4.601531E+01
20:20:00,0.000000E+00,7.601363E+03,0.000000E+00,6.770663E-01,0.000000E+00,0.000000E+00,0.000000E+00,0.000000E+00,0.000000E+00,0.000000E+00,0.000000E+00,0.000000E+00,0.000000E+00,0.000000E+00,2.399986E+01,4.601446E+01
20:30:00,0.000000E+00,7.620858E+03,0.000000E+00,6.788027E-01,0.000000E+00,0.000000E+00,0.000000E+00,0.000000E+00,0.000000E+00,0.000000E+00,0.000000E+00,0.000000E+00,0.000000E+00,0.000000E+00,2.399986E+01,4.601370E+01
20:40:00,0.000000E+00,7.638172E+03,0.000000E+00,6.803449E-01,0.000000E+00,0.000000E+00,0.000000E+00,0.000000E+00,0.000000E+00,0.000000E+00,0.000000E+00,0.000000E+00,0.000000E+00,0.000000E+00,2.399986E+01,4.601303E+01
20:50:00,0.000000E+00,7.653451E+03,0.000000E+00,6.817058E-01,0.000000E+00,0.000000E+00,0.000000E+00,0.000000E+00,0.000000E+00,0.000000E+00,0.000000E+00,0.000000E+00,0.000000E+00,0.000000E+00,2.399986E+01,4.601243E+01
21:00:00,0.000000E+00,7.666660E+03,0.000000E+00,6.828823E-01,0.000000E+00,0.000000E+00,0.000000E+00,0.000000E+00,0.000000E+00,0.000000E+00,0.000000E+00,0.000000E+00,0.000000E+00,0.000000E+00,2.399986E+01,4.601191E+01
21:10:00,0.000000E+00,7.677788E+03,0.000000E+00,6.838735E-01,0.000000E+00,0.000000E+00,0.000000E+00,0.000000E+00,0.000000E+00,0.000000E+00,0.000000E+00,0.000000E+00,0.000000E+00,0.000000E+00,2.399986E+01,4.601146E+01
21:20:00,0.000000E+00,7.686863E+03,0.000000E+00,6.846818E-01,0.000000E+00,0.000000E+00,0.000000E+00,0.000000E+00,0.000000E+00,0.000000E+00,0.000000E+00,0.000000E+00,0.000000E+00,0.000000E+00,2.399986E+01,4.601109E+01
21:30:00,0.000000E+00,7.693940E+03,0.000000E+00,6.853122E-01,0.000000E+00,0.000000E+00,0.000000E+00,0.000000E+00,0.000000E+00,0.000000E+00,0.000000E+00,0.000000E+00,0.000000E+00,0.000000E+00,2.399986E+01,4.601078E+01
21:40:00,0.000000E+00,7.699087E+03,0.000000E+00,6.857706E-01,0.000000E+00,0.000000E+00,0.000000E+00,0.000000E+00,0.000000E+00,0.000000E+00,0.000000E+00,0.000000E+00,0.000000E+00,0.000000E+00,2.399986E+01,4.601054E+01
21:50:00,0.000000E+00,7.702372E+03,0.000000E+00,6.860632E-01,0.000000E+00,0.000000E+00,0.000000E+00,0.000000E+00,0.000000E+00,0.000000E+00,0.000000E+00,0.000000E+00,0.000000E+00,0.000000E+00,2.399986E+01,4.601037E+01
22:00:00,0.000000E+00,7.703863E+03,0.000000E+00,6.861961E-01,0.000000E+00,0.000000E+00,0.000000E+00,0.000000E+00,0.000000E+00,0.000000E+00,0.000000E+00,0.000000E+00,0.000000E+00,0.000000E+00,2.399986E+01,4.601025E+01
22:10:00,0.000000E+00,7.703786E+03,0.000000E+00,6.861892E-01,0.000000E+00,0.000000E+00,0.000000E+00,0.000000E+00,0.000000E+00,0.000000E+00,0.000000E+00,0.000000E+00,0.000000E+00,0.000000E+00,2.399986E+01,4.601019E+01
22:20:00,0.000000E+00,7.702206E+03,0.000000E+00,6.860484E-01,0.000000E+00,0.000000E+00,0.000000E+00,0.000000E+00,0.000000E+00,0.000000E+00,0.000000E+00,0.000000E+00,0.000000E+00,0.000000E+00,2.399986E+01,4.601019E+01
22:30:00,0.000000E+00,7.699177E+03,0.000000E+00,6.857787E-01,0.000000E+00,0.000000E+00,0.000000E+00,0.000000E+00,0.000000E+00,0.000000E+00,0.000000E+00,0.000000E+00,0.000000E+00,0.000000E+00,2.399986E+01,4.601023E+01
22:40:00,0.000000E+00,7.694757E+03,0.000000E+00,6.853850E-01,0.000000E+00,0.000000E+00,0.000000E+00,0.000000E+00,0.000000E+00,0.000000E+00,0.000000E+00,0.000000E+00,0.000000E+00,0.000000E+00,2.399986E+01,4.601032E+01
22:50:00,0.000000E+00,7.689008E+03,0.000000E+00,6.848729E-01,0.000000E+00,0.000000E+00,0.000000E+00,0.000000E+00,0.000000E+00,0.000000E+00,0.000000E+00,0.000000E+00,0.000000E+00,0.000000E+00,2.399986E+01,4.601045E+01
23:00:00,0.000000E+00,7.681990E+03,0.000000E+00,6.842477E-01,0.000000E+00,0.000000E+00,0.000000E+00,0.000000E+00,0.000000E+00,0.000000E+00,0.000000E+00,0.000000E+00,0.000000E+00,0.000000E+00,2.399986E+01,4.601063E+01
23:10:00,0.000000E+00,7.610147E+03,0.000000E+00,6.778486E-01,0.000000E+00,0.000000E+00,0.000000E+00,0.000000E+00,0.000000E+00,0.000000E+00,0.000000E+00,0.000000E+00,0.000000E+00,0.000000E+00,2.399986E+01,4.601085E+01
23:20:00,0.000000E+00,7.526670E+03,0.000000E+00,6.704131E-01,0.000000E+00,0.000000E+00,0.000000E+00,0.000000E+00,0.000000E+00,0.000000E+00,0.000000E+00,0.000000E+00,0.000000E+00,0.000000E+00,2.399987E+01,4.601328E+01
23:30:00,0.000000E+00,7.437839E+03,0.000000E+00,6.625007E-01,0.000000E+00,0.000000E+00,0.000000E+00,0.000000E+00,0.000000E+00,0.000000E+00,0.000000E+00,0.000000E+00,0.000000E+00,0.000000E+00,2.399987E+01,4.601694E+01
23:40:00,0.000000E+00,7.344124E+03,0.000000E+00,6.541532E-01,0.000000E+00,0.000000E+00,0.000000E+00,0.000000E+00,0.000000E+00,0.000000E+00,0.000000E+00,0.000000E+00,0.000000E+00,0.000000E+00,2.399987E+01,4.602051E+01
23:50:00,0.000000E+00,7.245889E+03,0.000000E+00,6.454032E-01,0.000000E+00,0.000000E+00,0.000000E+00,0.000000E+00,0.000000E+00,0.000000E+00,0.000000E+00,0.000000E+00,0.000000E+00,0.000000E+00,2.399987E+01,4.602350E+01
24:00:00,0.000000E+00,7.143425E+03,0.000000E+00,6.362765E-01,0.000000E+00,0.000000E+00,0.000000E+00,0.000000E+00,0.000000E+00,0.000000E+00,0.000000E+00,0.000000E+00,0.000000E+00,0.000000E+00,2.399987E+01,4.602592E+01
Peak,0.000000E+00,7.703863E+03,0.000000E+00,6.861961E-01,0.000000E+00,0.000000E+00,0.000000E+00,0.000000E+00,0.000000E+00,0.000000E+00,0.000000E+00,0.000000E+00,,,,

Peak Vol Flow (m3/s),,,0.000000E+00,5.699058E-01,,,0.000000E+00,0.000000E+00,,,,,,,,
